{
	"reacts": [
		[	
			"711548770172534824.717818289878990899", 
			{
				"limit": 1,
				"reactions": [
					["🌕", "709771778888564776"],
					["🌑", "709771667034996807"],
					["🌓", "709772115557089383"]
				]
			}
		],[
			"711198189297991730.715543893466153021",
			{	
				"limit": 1,
				"reactions": [
					["718136083325648966", "713382915953786911"],
					["718136083287769098", "713382213500141658"],
					["718136082893504527","713382102288171008"],
          ["718136083292094565","713383593447129179"],
          ["718136083061407837","714072891167211622"],
          ["718136083388301317","714073097988210748"],
          ["718136082692178022","714840688700686406"],
          ["718136082897698916","714842066928140411"],
          ["718136083086442496","714843017126608988"],
          ["718136082943967233","714844506423427203"]
				]
			}
    		],[
			"711198189297991730.715543610615005203",
			{	
				"limit": 5,
				"reactions": [
          ["718136152216829983", "714067016851390494"],
          ["718136152330338364", "714066418177409134"],
          ["718136152351047761", "714066126404845638"],
          ["718136153307349122", "714066557676027914"],
          ["718136152347115551", "714066625753514015"],
          ["718136152066097236", "714066450024759326"],
          ["718136153622052955", "714184297589899374"],
          ["718136153521258618", "714184378711801949"],
          ["718136153471058020", "714066256806019072"],
          ["718136153273794622", "714165333069660301"],
          ["718136151973822537", "714066382538670151"]
          ]
      }
    ]
  ]
}